"Rank","Player","Year","Pos","Team","Draft Year","BaseSalary","SigningBonus","Cap Hit","Salary%","Cash","AAV","CONT YR","CONT VALUE","Earnings","FA Year","Sign Year","Sign Age","Age",""
"","Dak Prescott","2024","QB","DAL","2016","$29,000,000","$13,200,000","$48,450,000","0.202","$34,000,000","$40,000,000","4","$160,000,000","$196,317,825","2025","2021","27","31",""
"","Patrick Mahomes","2024","QB","KC","2017","$2,500,000","$2,000,000","$44,293,381","0.152","$37,950,000","$45,000,000","10","$450,000,000","$155,304,472","2032","2020","24","29",""
"","Josh Allen","2024","QB","BUF","2018","$23,500,000","$3,300,000","$41,772,281","0.147","$30,000,000","$43,005,667","6","$258,034,000","$143,076,199","2029","2021","24","28",""
"","Deshaun Watson","2024","QB","HOU","2017","$32,000,000","$5,400,000","$37,400,000","0.100","$32,000,000","$39,000,000","4","$156,000,000","$155,395,478","2026","2020","24","29",""
"","Myles Garrett","2024","DE","CLE","2017","$20,203,875","$4,200,000","$32,129,875","0.097","$20,203,875","$25,000,000","5","$125,000,000","$124,728,301","2027","2020","24","29",""
"","Jared Goff","2024","QB","DET","2016","$21,650,064","$0","$31,650,064","0.104","$26,650,064","$33,500,000","4","$134,000,000","$187,341,132","2025","2019","24","30",""
"","David Bakhtiari","2024","LT","GB","2013","$10,700,000","$6,000,000","$30,268,000","0.095","$21,500,000","$23,000,000","4","$92,000,000","$143,541,762","2025","2020","28","33",""
"","Joey Bosa","2024","OLB","LAC","2016","$15,000,000","$7,000,000","$29,000,000","0.076","$22,000,000","$27,000,000","5","$135,000,000","$149,894,417","2026","2020","24","29",""
"","T.J. Watt","2024","OLB","PIT","2017","$21,050,000","$7,118,694","$28,168,694","0.073","$21,050,000","$28,002,750","4","$112,011,000","$110,902,038","2026","2021","26","30",""
"","Carson Wentz","2024","QB","IND","2016","$21,000,000","$0","$27,235,294","0.081","$27,235,294","$32,000,000","4","$128,000,000","$182,071,104","2025","2019","26","32",""
"","Trent Williams","2024","LT","SF","2010","$20,050,000","$6,020,000","$26,920,000","0.085","$20,900,000","$23,010,000","6","$138,060,000","$189,779,204","2027","2021","32","36",""
"","Jalen Ramsey","2024","CB","LAR","2016","$14,500,000","$5,000,000","$26,700,000","0.086","$18,500,000","$20,000,000","5","$100,000,000","$117,641,078","2027","2020","25","30",""
"","Khalil Mack","2024","OLB","CHI","2014","$17,550,000","$0","$26,250,000","0.076","$23,250,000","$23,500,000","6","$141,000,000","$173,595,498","2025","2018","26","33",""
"","Keenan Allen","2024","WR","LAC","2013","$18,100,000","$2,700,000","$25,800,000","0.068","$23,100,000","$20,025,000","4","$80,100,000","$133,112,117","2025","2020","27","32",""
"","Michael Thomas","2024","WR","NO","2016","$18,500,000","$0","$24,600,000","0.097","$19,700,000","$19,250,000","5","$96,250,000","$101,507,442","2025","2019","25","31",""
"","Ronnie Stanley","2024","LT","BAL","2016","$11,000,000","$4,500,000","$24,052,000","0.074","$15,000,000","$19,750,000","5","$98,750,000","$116,145,183","2026","2020","25","30",""
"","Tyler Lockett","2024","WR","SEA","2015","$15,300,000","$3,800,000","$23,950,000","0.065","$16,900,000","$17,250,000","4","$69,000,000","$92,999,057","2026","2021","28","32",""
"","Jamal Adams","2024","SS","SEA","2017","$16,500,000","$4,000,000","$23,610,000","0.064","$16,500,000","$17,500,000","4","$70,000,000","$85,288,738","2026","2021","25","29",""
"","Aaron Donald","2024","DT","LAR","2014","$14,000,000","$0","$23,500,000","0.076","$19,000,000","$22,500,000","6","$135,000,000","$149,364,238","2025","2018","26","33",""
"","Arik Armstead","2024","DE","SF","2015","$17,410,000","$3,500,000","$23,260,000","0.073","$18,260,000","$17,000,000","5","$85,000,000","$103,923,611","2025","2020","26","31",""
"","DeAndre Hopkins","2024","WR","ARI","2013","$14,915,000","$5,500,000","$22,665,000","0.063","$14,915,000","$27,250,000","2","$54,500,000","$151,176,224","2025","2020","27","32",""
"","Cameron Heyward","2024","DT","PIT","2011","$16,000,000","$4,050,000","$22,406,250","0.058","$16,000,000","$16,400,000","4","$65,600,000","$131,582,735","2025","2020","30","35",""
"","Fred Warner","2024","OLB","SF","2018","$15,300,000","$2,464,000","$22,100,000","0.069","$19,500,000","$19,045,000","5","$95,225,000","$65,076,901","2027","2021","24","28",""
"","Amari Cooper","2024","WR","DAL","2015","$20,000,000","$2,000,000","$22,000,000","0.092","$20,000,000","$20,000,000","5","$100,000,000","$136,672,334","2025","2020","25","30",""
"","Kenny Clark","2024","DT","GB","2016","$15,550,000","$5,000,000","$22,000,000","0.069","$17,000,000","$17,500,000","4","$70,000,000","$87,295,366","2025","2020","24","29",""
"","Jonathan Allen","2024","DT","WAS","2017","$14,000,000","$6,000,000","$21,500,000","0.066","$15,500,000","$18,000,000","4","$72,000,000","$77,162,905","2026","2021","25","29",""
"","Kenny Golladay","2024","WR","NYG","2017","$14,250,000","$3,400,000","$21,400,000","0.068","$18,000,000","$18,000,000","4","$72,000,000","$76,592,781","2025","2021","27","31",""
"","Jordan Mailata","2024","LT","PHI","2018","$14,500,000","$2,000,000","$21,091,000","0.071","$15,000,000","$16,000,000","4","$64,000,000","$50,487,561","2026","2021","23","27",""
"","Ryan Ramczyk","2024","RT","NO","2017","$17,000,000","$3,800,000","$20,800,000","0.082","$17,000,000","$19,200,000","5","$96,000,000","$79,606,379","2027","2021","26","30",""
"","Shaquil Barrett","2024","OLB","TB","-99","$16,250,000","$3,750,000","$20,750,000","0.069","$17,000,000","$17,000,000","4","$68,000,000","$95,146,611","2025","2021","28","32",""
"","Taylor Moton","2024","RT","CAR","2017","$14,300,000","$3,000,000","$20,500,000","0.060","$17,500,000","$17,811,500","4","$71,246,000","$72,357,270","2026","2021","26","30",""
"","DeForest Buckner","2024","DT","IND","2016","$20,250,000","$0","$20,250,000","0.060","$20,250,000","$21,000,000","4","$84,000,000","$114,592,973","2025","2022","27","30",""
"","Darius Leonard","2024","ILB","IND","2018","$13,614,000","$4,000,000","$20,124,000","0.060","$16,124,000","$19,700,000","5","$98,500,000","$68,945,064","2027","2021","25","29",""
"","Garett Bolles","2024","LT","DEN","2017","$16,000,000","$4,000,000","$20,000,000","0.058","$16,000,000","$17,000,000","4","$68,000,000","$79,315,413","2025","2020","27","32",""
"","Dallas Goedert","2024","TE","PHI","2018","$14,000,000","$2,043,600","$19,520,732","0.066","$14,250,000","$14,250,000","4","$57,000,000","$48,124,620","2026","2021","25","29",""
"","Leonard Floyd","2024","OLB","LAR","2016","$13,500,000","$3,500,000","$19,500,000","0.063","$16,000,000","$16,000,000","4","$64,000,000","$89,876,577","2025","2021","28","32",""
"","Joe Thuney","2024","G","KC","2016","$15,500,000","$3,400,000","$19,400,000","0.067","$16,000,000","$16,000,000","5","$80,000,000","$83,991,395","2026","2021","28","32",""
"","Brian O'Neill","2024","RT","MIN","2018","$14,400,000","$4,000,000","$19,315,223","0.064","$15,000,000","$18,500,000","5","$92,500,000","$61,463,773","2027","2021","25","29",""
"","Marlon Humphrey","2024","CB","BAL","2017","$11,750,000","$4,000,000","$19,200,800","0.059","$11,750,000","$19,500,000","5","$97,500,000","$82,482,999","2027","2020","23","28",""
"","Bud Dupree","2024","OLB","TEN","2015","$16,000,000","$3,200,000","$19,200,000","0.066","$16,000,000","$16,500,000","5","$82,500,000","$101,256,334","2026","2021","27","31",""
"","Brandon Brooks","2024","G","PHI","2012","$13,400,000","$0","$18,965,000","0.064","$13,400,000","$14,087,500","4","$56,350,000","$85,839,233","2025","2019","29","35",""
"","Josh Sweat","2024","DE","PHI","2018","$13,750,000","$2,000,000","$18,727,000","0.063","$14,000,000","$13,333,333","3","$40,000,000","$43,296,937","2025","2021","23","27",""
"","C.J. Mosley","2024","ILB","NYJ","2014","$17,000,000","$1,500,000","$18,500,000","0.048","$17,000,000","$17,000,000","5","$85,000,000","$102,656,002","2025","2019","26","32",""
"","Marshon Lattimore","2024","CB","NO","2017","$15,000,000","$1,500,000","$18,350,800","0.073","$15,000,000","$19,520,600","5","$97,603,000","$86,706,563","2027","2021","24","28",""
"","Zack Martin","2024","G","DAL","2014","$13,000,000","$0","$18,350,000","0.077","$14,000,000","$14,000,000","6","$84,000,000","$100,285,531","2025","2018","27","34",""
"","Justin Simmons","2024","FS","DEN","2016","$14,500,000","$3,750,000","$18,250,000","0.053","$14,500,000","$15,250,000","4","$61,000,000","$77,202,947","2025","2021","27","31",""
"","Eddie Jackson","2024","FS","CHI","2017","$14,050,000","$2,400,000","$18,140,000","0.053","$14,150,000","$14,600,000","4","$58,400,000","$63,679,175","2025","2020","27","32",""
"","George Kittle","2024","TE","SF","2017","$13,400,000","$3,600,000","$18,050,000","0.057","$14,000,000","$15,000,000","5","$75,000,000","$63,990,389","2026","2020","26","31",""
"","Budda Baker","2024","S","ARI","2017","$14,200,000","$2,000,000","$17,975,000","0.050","$14,200,000","$14,750,000","4","$59,000,000","$66,123,720","2025","2020","23","28",""
"","Robert Woods","2024","WR","LAR","2013","$13,750,000","$200,000","$17,950,000","0.058","$15,750,000","$16,250,000","4","$65,000,000","$90,924,058","2026","2020","27","32",""
"","Christian McCaffrey","2024","RB","CAR","2017","$11,800,000","$4,300,000","$17,709,500","0.052","$12,000,000","$16,015,875","4","$64,063,500","$77,649,263","2026","2020","23","28",""
"","Taylor Decker","2024","LT","DET","2016","$12,950,000","$1,500,000","$17,600,000","0.058","$13,700,000","$15,000,000","4","$60,000,000","$81,042,175","2025","2020","26","31",""
"","Trey Hendrickson","2024","DE","CIN","2017","$14,800,000","$2,500,000","$17,500,000","0.046","$15,000,000","$15,000,000","4","$60,000,000","$63,206,994","2025","2021","26","30",""
"","Wyatt Teller","2024","G","CLE","2018","$11,000,000","$1,126,300","$17,376,300","0.052","$14,000,000","$14,200,000","4","$56,800,000","$46,950,167","2026","2021","26","30",""
"","Robert Quinn","2024","OLB","CHI","2011","$12,900,000","$3,100,000","$17,237,500","0.050","$13,000,000","$14,000,000","5","$70,000,000","$139,630,638","2025","2020","29","34",""
"","Harrison Smith","2024","FS","MIN","2012","$14,450,000","$1,915,882","$17,215,882","0.057","$15,300,000","$16,000,000","4","$64,000,000","$110,109,654","2026","2021","31","35",""
"","Adam Thielen","2024","WR","MIN","-99","$14,000,000","$0","$17,100,000","0.057","$14,600,000","$16,050,000","4","$64,200,000","$91,555,755","2025","2019","28","34",""
"","Mark Andrews","2024","TE","BAL","2018","$7,000,000","$2,032,611","$16,907,611","0.052","$11,000,000","$14,000,000","4","$56,000,000","$52,165,474","2026","2021","24","28",""
"","Vita Vea","2024","DT","TB","2018","$15,500,000","$829,429","$16,829,429","0.056","$16,000,000","$17,750,000","4","$71,000,000","$59,029,253","2027","2021","25","29",""
"","Braden Smith","2024","RT","IND","2018","$11,683,000","$3,000,000","$16,683,000","0.050","$13,683,000","$17,500,000","4","$70,000,000","$61,742,939","2026","2021","24","28",""
"","Andrus Peat","2024","G","NO","2015","$11,825,000","$2,600,000","$16,425,000","0.065","$11,825,000","$11,500,000","5","$57,500,000","$78,619,208","2025","2020","26","31",""
"","Travis Kelce","2024","TE","KC","2013","$14,000,000","$0","$16,400,000","0.056","$15,000,000","$14,312,500","4","$57,250,000","$89,988,092","2026","2020","30","35",""
"","Nick Chubb","2024","RB","CLE","2018","$11,775,000","$3,000,000","$16,200,000","0.049","$12,200,000","$12,200,000","3","$36,600,000","$46,309,558","2025","2021","25","29",""
"","Byron Jones","2024","CB","MIA","2015","$12,425,000","$2,100,000","$16,125,000","0.040","$14,025,000","$16,500,000","5","$82,500,000","$97,550,400","2025","2020","27","32",""
"","Tre'Davious White","2024","CB","BUF","2017","$8,350,000","$2,100,000","$15,892,000","0.056","$10,400,000","$17,250,000","4","$69,000,000","$76,725,324","2026","2020","24","29",""
"","Jonnu Smith","2024","TE","NE","2017","$11,000,000","$3,750,000","$15,750,000","0.047","$12,000,000","$12,500,000","4","$50,000,000","$54,434,624","2025","2021","25","29",""
"","Kevin Byard","2024","FS","TEN","2016","$13,600,000","$0","$15,638,000","0.054","$14,100,000","$14,100,000","5","$70,500,000","$75,708,847","2025","2019","25","31",""
"","Dalvin Cook","2024","RB","MIN","2017","$11,900,000","$3,101,272","$15,601,272","0.052","$12,500,000","$12,600,000","5","$63,000,000","$55,599,493","2026","2020","24","29",""
"","Aaron Jones","2024","RB","GB","2017","$11,100,000","$3,250,000","$15,250,000","0.048","$12,000,000","$12,000,000","4","$48,000,000","$51,993,862","2025","2021","26","30",""
"","Landon Collins","2024","SS","WAS","2015","$13,500,000","$0","$15,200,000","0.047","$14,000,000","$14,000,000","6","$84,000,000","$89,796,699","2025","2019","24","30",""
"","Matt Judon","2024","OLB","NE","2016","$9,500,000","$4,500,000","$15,000,000","0.045","$10,500,000","$13,625,000","4","$54,500,000","$75,322,220","2025","2021","28","32",""
"","Alvin Kamara","2024","RB","NO","2017","$10,200,000","$3,000,000","$14,800,000","0.059","$11,800,000","$15,000,000","5","$75,000,000","$55,013,272","2026","2020","24","29",""
"","Courtland Sutton","2024","WR","DEN","2018","$13,000,000","$1,200,000","$14,700,000","0.043","$13,500,000","$15,200,000","4","$60,800,000","$53,749,096","2026","2021","25","29",""
"","Ryan Kelly","2024","C","IND","2016","$11,375,000","$0","$14,625,000","0.044","$12,375,000","$12,500,000","4","$50,000,000","$67,998,507","2025","2020","26","31",""
"","Ezekiel Elliott","2024","RB","DAL","2016","$10,000,000","$0","$14,320,000","0.060","$10,000,000","$15,000,000","6","$90,000,000","$91,568,561","2027","2019","23","29",""
"","John Franklin-Myers","2024","DE","NYJ","2018","$13,300,000","$400,000","$14,300,000","0.037","$13,900,000","$13,750,000","4","$55,000,000","$43,142,935","2026","2021","24","28",""
"","Jerome Baker","2024","OLB","MIA","2018","$10,768,000","$3,125,000","$14,258,000","0.036","$11,133,000","$12,500,000","3","$37,500,000","$43,299,306","2025","2021","24","28",""
"","Charles Leno","2024","LT","WAS","2014","$11,000,000","$2,250,000","$14,250,000","0.044","$12,000,000","$12,333,333","3","$37,000,000","$73,289,198","2025","2021","29","33",""
"","Corey Linsley","2024","C","LAC","2014","$11,500,000","$2,600,000","$14,100,000","0.037","$11,500,000","$12,500,000","5","$62,500,000","$77,601,658","2026","2021","29","33",""
"","Dion Dawkins","2024","LT","BUF","2017","$9,300,000","$1,720,000","$13,895,000","0.049","$10,300,000","$14,575,000","4","$58,300,000","$62,803,502","2025","2020","25","30",""
"","Lane Johnson","2024","RT","PHI","2013","$6,025,000","$0","$13,506,000","0.046","$7,525,000","$18,000,000","4","$72,000,000","$110,836,625","2026","2019","28","34",""
"","Xavien Howard","2024","CB","MIA","2016","$11,650,000","$0","$13,505,281","0.034","$12,250,000","$15,050,000","5","$75,250,000","$87,717,975","2025","2019","25","31",""
"","La'el Collins","2024","RT","DAL","-99","$10,000,000","$0","$13,450,000","0.056","$10,000,000","$10,000,000","5","$50,000,000","$68,909,268","2025","2019","25","31",""
"","Cody Whitehair","2024","C","CHI","2016","$10,150,000","$0","$13,250,000","0.039","$10,250,000","$10,250,000","5","$51,250,000","$55,707,305","2025","2019","26","32",""
"","Joe Mixon","2024","RB","CIN","2017","$9,683,205","$2,000,000","$13,133,205","0.034","$10,383,205","$12,000,000","4","$48,000,000","$53,233,247","2025","2020","23","28",""
"","Zach Cunningham","2024","ILB","TEN","2017","$12,500,000","$0","$13,000,000","0.045","$13,000,000","$14,500,000","4","$58,000,000","$62,557,936","2025","2020","25","30",""
"","Frank Ragnow","2024","C","DET","2018","$7,900,000","$1,200,000","$12,800,000","0.042","$8,000,000","$13,500,000","4","$54,000,000","$57,484,930","2027","2021","24","28",""
"","Chase Roullier","2024","C","WAS","2017","$8,650,000","$1,800,000","$12,710,000","0.039","$10,160,000","$10,125,000","4","$40,500,000","$44,784,017","2025","2020","26","31",""
"","Kolton Miller","2024","LT","LV","2018","$12,256,500","$0","$12,306,500","0.030","$12,306,500","$18,000,000","3","$54,000,000","$66,195,082","2026","2021","25","29",""
"","Taysom Hill","2024","QB","NO","-99","$10,000,000","$2,225,000","$12,225,000","0.048","$10,000,000","$10,000,000","4","$40,000,000","$52,670,000","2026","2021","30","34",""
"","Matt Milano","2024","OLB","BUF","2017","$9,250,000","$1,750,000","$11,750,000","0.041","$10,000,000","$10,375,000","4","$41,500,000","$45,766,764","2025","2021","25","29",""
"","Joe Schobert","2024","ILB","PIT","2016","$10,750,000","$0","$11,722,000","0.030","$11,250,000","$10,750,000","5","$53,750,000","$58,209,814","2025","2020","26","31",""
"","Trevor Lawrence","2024","QB","JAC","2021","$1,055,000","$6,029,725","$11,707,019","0.029","$5,677,294","$9,198,372","4","$36,793,488","$35,286,057","2026","2021","21","25",""
"","Zach Wilson","2024","QB","NYJ","2021","$5,453,274","$5,731,033","$11,184,307","0.029","$5,453,274","$8,787,670","4","$35,150,681","$35,150,680","2026","2021","21","25",""
"","Trey Lance","2024","QB","SF","2021","$5,310,719","$5,540,959","$10,851,678","0.034","$5,310,719","$8,526,319","4","$34,105,275","$34,105,275","2026","2021","20","24",""
"","Rayshawn Jenkins","2024","S","JAC","2017","$7,750,000","$2,000,000","$10,750,000","0.027","$8,750,000","$8,750,000","4","$35,000,000","$39,501,837","2025","2021","26","30",""
"","Tim Patrick","2024","WR","DEN","-99","$9,500,000","$750,000","$10,750,000","0.031","$10,000,000","$11,333,333","3","$34,000,000","$35,851,902","2025","2021","27","31",""
"","Halapoulivaati Vaitai","2024","G","DET","2016","$8,900,000","$1,400,000","$10,733,750","0.035","$9,000,000","$9,000,000","5","$45,000,000","$50,627,238","2025","2020","26","31",""
"","Kyle Pitts","2024","TE","ATL","2021","$1,055,000","$5,323,726","$10,471,522","0.032","$5,147,796","$8,227,624","4","$32,910,495","$32,910,495","2026","2021","20","24",""
"","Cameron Jordan","2024","DE","NO","2011","$5,200,000","$0","$10,281,250","0.041","$5,200,000","$17,500,000","3","$52,500,000","$128,832,467","2024","2019","29","35",""
"","Taron Johnson","2024","CB","BUF","2018","$6,452,333","$1,000,000","$10,197,333","0.036","$7,697,333","$8,000,000","3","$24,000,000","$29,347,876","2025","2021","24","28",""
"","Sam Hubbard","2024","DE","CIN","2018","$7,800,000","$2,000,000","$10,150,000","0.027","$8,150,000","$10,000,000","4","$40,000,000","$35,735,261","2026","2021","25","29",""
"","Avonte Maddox","2024","CB","PHI","2018","$6,850,000","$1,012,266","$10,059,266","0.034","$7,500,000","$7,500,000","3","$22,500,000","$27,108,911","2025","2021","24","28",""
"","Ja'Marr Chase","2024","WR","CIN","2021","$1,055,000","$4,943,571","$9,806,250","0.026","$4,862,679","$7,704,910","4","$30,819,641","$30,819,642","2026","2021","20","24",""
"","John Johnson","2024","SS","CLE","2017","$0","$2,400,000","$8,850,000","0.027","$0","$11,250,000","3","$33,750,000","$38,632,261","2024","2021","25","29",""
"","Jaylen Waddle","2024","WR","MIA","2021","$1,055,000","$4,264,726","$8,618,270","0.022","$4,353,544","$6,771,498","4","$27,085,993","$27,085,994","2026","2021","22","26",""
"","Logan Thomas","2024","TE","WAS","2014","$5,340,000","$1,750,000","$8,315,000","0.026","$6,565,000","$8,021,667","3","$24,065,000","$34,118,692","2025","2021","29","33",""
"","Joel Bitonio","2024","G","CLE","2014","$1,300,000","$2,100,000","$7,900,000","0.024","$4,300,000","$16,000,000","3","$48,000,000","$80,496,955","2026","2021","29","33",""
"","Penei Sewell","2024","RT","DET","2021","$1,055,000","$3,721,649","$7,667,885","0.025","$3,946,236","$6,024,767","4","$24,099,069","$24,099,068","2026","2021","20","24",""
"","Kyle Juszczyk","2024","FB","SF","2013","$5,750,000","$800,000","$7,588,750","0.024","$6,250,000","$5,400,000","5","$27,000,000","$44,225,148","2026","2021","29","33",""
"","Fletcher Cox","2024","DT","PHI","2012","$0","$0","$7,579,821","0.026","$0","$17,100,000","6","$102,600,000","$105,510,246","2023","2016","25","34",""
"","Tyus Bowser","2024","OLB","BAL","2017","$5,500,000","$2,000,000","$7,500,000","0.023","$5,500,000","$5,500,000","4","$22,000,000","$27,876,931","2025","2021","25","29",""
"","Mike Hilton","2024","CB","CIN","-99","$5,750,000","$1,000,000","$7,450,000","0.020","$6,450,000","$6,000,000","4","$24,000,000","$28,804,541","2025","2021","26","30",""
"","Nyheim Hines","2024","RB","IND","2018","$5,141,412","$1,500,000","$6,981,412","0.021","$5,481,412","$6,200,000","3","$18,600,000","$23,677,170","2025","2021","24","28",""
"","Jaycee Horn","2024","CB","CAR","2021","$1,055,000","$3,178,572","$6,717,501","0.020","$3,538,929","$5,278,037","4","$21,112,146","$21,112,146","2026","2021","21","25",""
"","Patrick Surtain II","2024","CB","DEN","2021","$1,055,000","$3,151,387","$6,669,952","0.019","$3,518,565","$5,240,657","4","$20,962,628","$20,962,678","2026","2021","20","24",""
"","Jalen Mills","2024","CB","NE","2016","$5,000,000","$625,000","$6,566,168","0.020","$5,941,168","$6,000,000","4","$24,000,000","$31,888,219","2025","2021","26","30",""
"","DeVonta Smith","2024","WR","PHI","2021","$1,055,000","$3,002,071","$6,408,625","0.022","$3,406,554","$5,035,348","4","$20,141,390","$20,141,392","2026","2021","22","26",""
"","Patrick Mekari","2024","G","BAL","-99","$4,350,000","$0","$6,350,000","0.020","$4,350,000","$5,150,000","3","$15,450,000","$17,998,663","2025","2021","23","27",""
"","Deatrich Wise","2024","DE","NE","2017","$4,000,000","$1,250,000","$6,250,000","0.019","$5,000,000","$5,500,000","4","$22,000,000","$26,921,280","2025","2021","26","30",""
"","Justin Fields","2024","QB","CHI","2021","$1,616,724","$2,771,265","$6,004,713","0.018","$3,233,448","$4,717,989","4","$18,871,957","$18,871,956","2026","2021","21","25",""
"","William Jackson","2024","CB","WAS","2016","$0","$3,000,000","$6,000,000","0.019","$0","$13,500,000","3","$40,500,000","$60,177,589","2024","2021","28","32",""
"","David Andrews","2024","C","NE","-99","$4,500,000","$375,000","$5,875,000","0.017","$5,500,000","$4,750,000","4","$19,000,000","$32,329,810","2025","2021","28","32",""
"","Brandon Graham","2024","DE","PHI","2010","$0","$0","$5,663,000","0.019","$0","$13,333,333","3","$40,000,000","$90,255,925","2023","2019","30","36",""
"","Micah Parsons","2024","ILB","DAL","2021","$2,989,062","$2,445,417","$5,434,479","0.023","$2,989,062","$4,269,948","4","$17,079,793","$17,079,792","2026","2021","21","25",""
"","Donovan Smith","2024","LT","TB","2015","$0","$2,650,000","$5,300,000","0.018","$0","$15,500,000","2","$31,000,000","$75,461,737","2024","2021","27","31",""
"","Rashawn Slater","2024","LT","LAC","2021","$2,927,967","$2,363,956","$5,291,923","0.014","$2,927,967","$4,157,939","4","$16,631,757","$16,631,758","2026","2021","21","25",""
"","Brandon McManus","2024","K","DEN","-99","$3,950,000","$500,000","$5,181,250","0.015","$3,950,000","$4,300,000","4","$17,200,000","$33,066,667","2025","2020","28","33",""
"","Alijah Vera-Tucker","2024","G","NYJ","2021","$2,826,140","$2,228,187","$5,054,327","0.013","$2,826,140","$3,971,257","4","$15,885,028","$15,885,028","2026","2021","21","25",""
"","Mac Jones","2024","QB","NE","2021","$2,785,412","$2,173,882","$4,959,294","0.015","$2,785,412","$3,896,588","4","$15,586,352","$15,586,352","2026","2021","22","26",""
"","Javon Hargrave","2024","DT","PHI","2016","$0","$2,450,000","$4,802,000","0.016","$0","$13,000,000","3","$39,000,000","$43,419,256","2023","2020","26","31",""
"","Curtis Samuel","2024","WR","WAS","2017","$0","$2,400,000","$4,800,000","0.015","$0","$11,500,000","3","$34,500,000","$41,191,875","2024","2021","24","28",""
"","Jake Elliott","2024","K","PHI","2017","$3,450,000","$0","$4,786,000","0.016","$3,700,000","$3,861,620","5","$19,308,100","$22,009,801","2025","2019","23","29",""
"","Zaven Collins","2024","ILB","ARI","2021","$2,663,217","$2,010,956","$4,674,173","0.013","$2,663,217","$3,672,564","4","$14,690,257","$14,690,258","2026","2021","21","25",""
"","Daniel Carlson","2024","K","LV","2018","$3,850,000","$800,000","$4,650,000","0.012","$3,850,000","$4,600,000","4","$18,400,000","$19,451,511","2026","2021","25","29",""
"","Ryan Tannehill","2024","QB","TEN","2012","$0","$0","$4,600,000","0.016","$0","$29,500,000","4","$118,000,000","$195,975,979","2024","2020","31","36",""
"","Cooper Kupp","2024","WR","LAR","2017","$0","$0","$4,600,000","0.015","$0","$15,750,000","3","$47,250,000","$52,773,331","2024","2020","26","31",""
"","Alex Leatherwood","2024","RT","LV","2021","$2,622,486","$1,956,648","$4,579,134","0.011","$2,622,486","$3,597,891","4","$14,391,564","$14,391,564","2026","2021","21","25",""
"","Darius Slay","2024","CB","PHI","2013","$0","$0","$4,570,000","0.015","$0","$16,683,333","3","$50,050,000","$104,489,394","2024","2020","28","33",""
"","Jason Kelce","2024","C","PHI","2011","$0","$3,099,000","$4,499,000","0.015","$0","$9,000,000","1","$9,000,000","$57,458,745","2022","2021","33","37",""
"","Jaelan Phillips","2024","DE","MIA","2021","$2,571,573","$1,888,764","$4,460,337","0.011","$2,571,573","$3,504,551","4","$14,018,202","$14,018,202","2026","2021","21","25",""
"","Jamin Davis","2024","LB","WAS","2021","$2,541,024","$1,848,032","$4,389,056","0.014","$2,541,024","$3,448,544","4","$13,794,176","$13,794,176","2025","2021","22","26",""
"","Kadarius Toney","2024","WR","NYG","2021","$2,530,842","$1,834,456","$4,365,298","0.014","$2,530,842","$3,429,877","4","$13,719,508","$13,719,508","2026","2021","21","25",""
"","Kwity Paye","2024","DE","IND","2021","$2,520,659","$1,820,880","$4,341,539","0.013","$2,520,659","$3,411,208","4","$13,644,833","$13,644,833","2026","2021","22","26",""
"","Caleb Farley","2024","CB","TEN","2021","$2,500,293","$1,793,724","$4,294,017","0.015","$2,500,293","$3,373,871","4","$13,495,482","$13,495,482","2026","2021","22","26",""
"","Christian Darrisaw","2024","LT","MIN","2021","$2,479,928","$1,766,571","$4,246,499","0.014","$2,479,928","$3,336,535","4","$13,346,140","$13,346,140","2026","2021","21","25",""
"","Adrian Phillips","2024","FS","NE","-99","$1,650,000","$1,187,500","$4,187,500","0.012","$3,000,000","$4,250,000","3","$12,750,000","$25,062,925","2025","2021","28","32",""
"","Jason Sanders","2024","K","MIA","2018","$3,775,000","$400,000","$4,175,000","0.010","$3,775,000","$4,400,000","5","$22,000,000","$16,862,430","2027","2021","25","29",""
"","Najee Harris","2024","RB","PIT","2021","$2,439,197","$1,712,263","$4,151,460","0.011","$2,439,197","$3,261,862","4","$13,047,447","$13,047,447","2026","2021","22","26",""
"","Travis Etienne","2024","RB","JAC","2021","$2,418,833","$1,685,110","$4,103,943","0.010","$2,418,833","$3,224,526","4","$12,898,105","$12,898,106","2026","2021","21","25",""
"","Greg Newsome","2024","CB","CLE","2021","$2,398,464","$1,657,952","$4,056,416","0.012","$2,398,464","$3,187,184","4","$12,748,736","$12,748,736","2026","2021","20","24",""
"","Cory Littleton","2024","ILB","LV","-99","$0","$0","$4,018,000","0.010","$0","$11,750,000","3","$35,250,000","$40,721,691","2023","2020","26","31",""
"","Rashod Bateman","2024","WR","BAL","2021","$2,378,102","$1,630,802","$4,008,904","0.012","$2,378,102","$3,149,853","4","$12,599,412","$12,599,412","2026","2021","21","25",""
"","Tyron Smith","2024","LT","DAL","2011","$0","$0","$4,005,000","0.017","$0","$12,200,000","8","$97,600,000","$125,397,504","2024","2016","25","34",""
"","Payton Turner","2024","DE","NO","2021","$2,367,919","$1,617,225","$3,985,144","0.016","$2,367,919","$3,131,184","4","$12,524,737","$12,524,737","2026","2021","21","25",""
"","Michael Dickson","2024","P","SEA","2018","$2,550,000","$1,300,000","$3,850,000","0.010","$2,550,000","$3,675,000","4","$14,700,000","$17,223,210","2026","2021","24","28",""
"","Harrison Butker","2024","K","KC","2017","$3,690,000","$0","$3,840,000","0.013","$3,840,000","$4,055,000","5","$20,275,000","$22,001,628","2025","2019","23","29",""
"","Eric Stokes","2024","CB","GB","2021","$2,286,208","$1,508,277","$3,794,485","0.012","$2,286,208","$2,981,381","4","$11,925,524","$11,925,523","2026","2021","21","25",""
"","Tress Way","2024","P","WAS","-99","$3,000,000","$600,000","$3,750,000","0.012","$3,150,000","$3,412,500","4","$13,650,000","$22,469,100","2025","2019","28","34",""
"","Austin Hooper","2024","TE","CLE","2016","$0","$2,000,000","$3,750,000","0.011","$0","$10,500,000","4","$42,000,000","$46,618,671","2024","2020","25","30",""
"","Greg Rousseau","2024","DE","BUF","2021","$2,242,936","$1,450,582","$3,693,518","0.013","$2,242,936","$2,902,050","4","$11,608,200","$11,608,200","2026","2021","20","24",""
"","Odafe Oweh","2024","OLB","BAL","2021","$2,206,689","$1,402,253","$3,608,942","0.011","$2,206,689","$2,835,598","4","$11,342,391","$11,342,390","2026","2021","22","26",""
"","Joe Tryon","2024","DE","TB","2021","$2,183,351","$1,371,134","$3,554,485","0.012","$2,183,351","$2,792,809","4","$11,171,237","$11,171,238","2026","2021","21","25",""
"","Rodney Hudson","2024","C","ARI","2011","$0","$0","$3,520,000","0.010","$0","$10,000,000","3","$30,000,000","$91,653,707","2024","2021","31","35",""
"","Demario Davis","2024","OLB","NO","2012","$0","$2,200,000","$3,500,000","0.014","$0","$9,000,000","3","$27,000,000","$61,186,971","2024","2020","30","35",""
"","Romeo Okwara","2024","OLB","DET","-99","$0","$3,500,000","$3,500,000","0.012","$0","$12,333,333","3","$37,000,000","$45,385,025","2024","2021","25","29",""
"","A.J. Cole","2024","P","LV","-99","$3,017,000","$400,000","$3,417,000","0.008","$3,017,000","$3,000,000","4","$12,000,000","$10,769,024","2026","2021","25","29",""
"","Lawrence Guy","2024","DT","NE","2011","$2,000,000","$250,000","$3,250,000","0.010","$3,000,000","$2,875,000","4","$11,500,000","$33,272,912","2025","2021","30","34",""
"","DeMarcus Lawrence","2024","DE","DAL","2014","$0","$0","$3,000,000","0.013","$0","$21,000,000","5","$105,000,000","$127,349,519","2024","2019","26","32",""
"","Tyson Campbell","2024","CB","JAC","2021","$1,889,332","$979,110","$2,868,442","0.007","$1,889,332","$2,253,776","4","$9,015,105","$9,015,104","2025","2021","20","24",""
"","Elijah Moore","2024","WR","NYJ","2021","$1,879,149","$965,532","$2,844,681","0.007","$1,879,149","$2,235,107","4","$8,940,426","$8,940,426","2025","2021","20","24",""
"","Javonte Williams","2024","RB","DEN","2021","$1,868,966","$951,955","$2,820,921","0.008","$1,868,966","$2,216,438","4","$8,865,753","$8,865,752","2025","2021","20","24",""
"","Julio Jones","2024","WR","TEN","2011","$0","$0","$2,800,000","0.010","$0","$22,000,000","3","$66,000,000","$163,666,527","2024","2019","29","35",""
"","Jevon Holland","2024","S","MIA","2021","$1,848,601","$924,802","$2,773,403","0.007","$1,848,601","$2,179,103","4","$8,716,410","$8,716,410","2025","2021","20","24",""
"","Landon Dickerson","2024","G","PHI","2021","$1,840,455","$913,941","$2,754,396","0.009","$1,840,455","$2,164,169","4","$8,656,675","$8,656,674","2025","2021","22","26",""
"","Christian Barmore","2024","DT","NE","2021","$1,822,124","$889,499","$2,711,623","0.008","$1,822,124","$2,130,561","4","$8,522,244","$8,522,244","2025","2021","21","25",""
"","Teven Jenkins","2024","T","CHI","2021","$1,803,797","$865,063","$2,668,860","0.008","$1,803,797","$2,096,962","4","$8,387,847","$7,346,581","2025","2021","22","26",""
"","Terron Armstead","2024","LT","NO","2013","$0","$0","$2,641,875","0.010","$0","$13,000,000","5","$65,000,000","$68,101,026","2022","2016","24","33",""
"","Richie Grant","2024","S","ATL","2021","$1,787,504","$843,339","$2,630,843","0.008","$1,787,504","$2,067,091","4","$8,268,365","$8,268,365","2025","2021","23","27",""
"","Logan Cooke","2024","P","JAC","2018","$1,950,000","$600,000","$2,600,000","0.006","$2,000,000","$3,000,000","4","$12,000,000","$11,940,873","2026","2021","25","29",""
"","Levi Onwuzurike","2024","DT","DET","2021","$1,771,212","$821,617","$2,592,829","0.009","$1,771,212","$2,037,223","4","$8,148,893","$8,148,892","2025","2021","22","26",""
"","Liam Eichenberg","2024","G","MIA","2021","$1,752,884","$797,178","$2,550,062","0.006","$1,752,884","$2,003,620","4","$8,014,479","$8,014,480","2025","2021","22","26",""
"","Trevon Moehrig","2024","S","LV","2021","$1,736,592","$775,456","$2,512,048","0.006","$1,736,592","$1,973,752","4","$7,895,007","$7,895,008","2025","2021","21","25",""
"","Dalvin Tomlinson","2024","DT","MIN","2017","$0","$2,500,000","$2,500,000","0.008","$0","$10,500,000","2","$21,000,000","$25,572,101","2023","2021","26","30",""
"","Brandin Cooks","2024","WR","HOU","2014","$0","$0","$2,500,000","0.007","$0","$16,200,000","5","$81,000,000","$85,823,295","2023","2018","24","31",""
"","Kelvin Joseph","2024","CB","DAL","2021","$1,721,067","$754,757","$2,475,824","0.010","$1,721,067","$1,945,291","4","$7,781,162","$7,781,162","2025","2021","20","24",""
"","Danny Trevathan","2024","ILB","CHI","2012","$0","$800,000","$2,431,250","0.007","$0","$7,250,000","3","$21,750,000","$52,309,112","2023","2020","29","34",""
"","Walker Little","2024","LT","JAC","2021","$1,699,323","$725,764","$2,425,087","0.006","$1,699,323","$1,905,426","4","$7,621,705","$7,621,702","2025","2021","21","25",""
"","Jackson Carman","2024","G","CIN","2021","$1,675,902","$694,536","$2,370,438","0.006","$1,675,902","$1,862,487","4","$7,449,949","$7,449,948","2025","2021","20","24",""
"","Asante Samuel Jr.","2024","CB","LAC","2021","$1,644,947","$653,263","$2,298,210","0.006","$1,644,947","$1,805,737","4","$7,222,946","$7,222,946","2025","2021","21","25",""
"","Lavonte David","2024","OLB","TB","2012","$0","$2,285,000","$2,285,000","0.008","$0","$12,500,000","2","$25,000,000","$78,747,757","2023","2021","30","34",""
"","Aaron Banks","2024","G","SF","2021","$1,624,582","$626,109","$2,250,691","0.007","$1,624,582","$1,768,400","4","$7,073,601","$7,073,600","2025","2021","23","27",""
"","Mike Evans","2024","WR","TB","2014","$0","$0","$2,235,000","0.007","$0","$16,500,000","5","$82,500,000","$110,424,588","2024","2018","24","31",""
"","Rondale Moore","2024","WR","ARI","2021","$1,604,215","$598,953","$2,203,168","0.006","$1,604,215","$1,731,060","4","$6,924,241","$6,924,241","2025","2021","20","24",""
"","Azeez Ojulari","2024","LB","NYG","2021","$1,583,851","$571,802","$2,155,653","0.007","$1,583,851","$1,693,727","4","$6,774,908","$6,774,910","2025","2021","20","24",""
"","Samuel Cosmi","2024","RT","WAS","2021","$1,563,486","$544,649","$2,108,135","0.007","$1,563,486","$1,656,392","4","$6,625,568","$6,625,568","2025","2021","21","25",""
"","Jeremiah Owusu-Koramoah","2024","OLB","CLE","2021","$1,543,120","$517,494","$2,060,614","0.006","$1,543,120","$1,619,054","4","$6,476,216","$6,476,216","2025","2021","21","25",""
"","Dillon Radunz","2024","G","TEN","2021","$1,522,755","$490,341","$2,013,096","0.007","$1,522,755","$1,581,718","4","$6,326,873","$6,326,874","2025","2021","22","26",""
"","Yannick Ngakoue","2024","DE","LV","2016","$0","$0","$2,000,000","0.005","$0","$13,000,000","2","$26,000,000","$42,703,669","2023","2021","25","29",""
"","Dayo Odeyingbo","2024","DE","IND","2021","$1,502,389","$463,188","$1,965,577","0.006","$1,502,389","$1,544,381","4","$6,177,522","$6,177,521","2025","2021","21","25",""
"","Pat Freiermuth","2024","TE","PIT","2021","$1,482,025","$436,033","$1,918,058","0.005","$1,482,025","$1,507,045","4","$6,028,181","$6,028,181","2025","2021","22","26",""
"","D'Wayne Eskridge","2024","WR","SEA","2021","$1,471,841","$422,455","$1,894,296","0.005","$1,471,841","$1,488,376","4","$5,953,504","$5,953,503","2025","2021","23","27",""
"","TuTu Atwell","2024","WR","LAR","2021","$1,465,731","$414,309","$1,880,040","0.006","$1,465,731","$1,477,175","4","$5,908,699","$5,908,698","2025","2021","21","25",""
"","Troy Hill","2024","CB","CLE","-99","$0","$875,000","$1,875,000","0.006","$0","$4,500,000","2","$9,000,000","$17,212,390","2023","2021","29","33",""
"","Nick Bolton","2024","LB","KC","2021","$1,455,550","$400,733","$1,856,283","0.006","$1,455,550","$1,458,508","4","$5,834,032","$5,834,031","2025","2021","20","24",""
"","Terrace Marshall","2024","WR","CAR","2021","$1,441,294","$381,725","$1,823,019","0.005","$1,441,294","$1,432,372","4","$5,729,488","$5,729,487","2025","2021","20","24",""
"","Derek Barnett","2024","DE","PHI","2017","$0","$0","$1,812,200","0.006","$0","$3,212,693","4","$12,850,772","$22,901,772","2022","2017","20","28",""
"","Pete Werner","2024","LB","NO","2021","$1,435,184","$373,578","$1,808,762","0.007","$1,435,184","$1,421,170","4","$5,684,680","$5,684,680","2025","2021","21","25",""
"","Carlos Basham Jr.","2024","DE","BUF","2021","$1,427,038","$362,717","$1,789,755","0.006","$1,427,038","$1,406,236","4","$5,624,943","$5,624,943","2025","2021","23","27",""
"","Josh Myers","2024","C","GB","2021","$1,420,928","$354,570","$1,775,498","0.006","$1,420,928","$1,395,034","4","$5,580,136","$5,580,136","2025","2021","22","26",""
"","Creed Humphrey","2024","C","KC","2021","$1,418,892","$351,856","$1,770,748","0.006","$1,418,892","$1,391,302","4","$5,565,208","$5,565,208","2025","2021","21","25",""
"","Kyle Trask","2024","QB","TB","2021","$1,414,819","$346,425","$1,761,244","0.006","$1,414,819","$1,383,834","4","$5,535,337","$5,535,337","2025","2021","22","26",""
"","Ndamukong Suh","2024","DT","TB","2010","$0","$1,000,000","$1,700,000","0.006","$0","$9,000,000","1","$9,000,000","$166,165,157","2022","2021","33","37",""
"","Andre Cisco","2024","S","JAC","2021","$1,374,068","$292,091","$1,666,159","0.004","$1,374,068","$1,309,125","4","$5,236,500","$5,236,500","2025","2021","20","24",""
"","Kellen Mond","2024","QB","MIN","2021","$1,372,284","$289,712","$1,661,996","0.006","$1,372,284","$1,305,854","4","$5,223,415","$5,223,416","2025","2021","21","25",""
"","Davis Mills","2024","QB","HOU","2021","$1,371,481","$289,473","$1,660,954","0.004","$1,371,481","$1,304,383","4","$5,217,531","$5,220,854","2025","2021","22","26",""
"","Jalen Mayfield","2024","RT","ATL","2021","$1,370,183","$286,911","$1,657,094","0.005","$1,370,183","$1,302,003","4","$5,208,010","$5,208,010","2025","2021","20","24",""
"","Joseph Ossai","2024","LB","CIN","2021","$1,368,084","$284,112","$1,652,196","0.004","$1,368,084","$1,298,154","4","$5,192,616","$4,947,616","2025","2021","20","24",""
"","Carl Nassib","2024","DE","LV","2016","$0","$0","$1,652,000","0.004","$0","$8,416,667","3","$25,250,000","$30,005,862","2023","2020","26","31",""
"","Brady Christensen","2024","RT","CAR","2021","$1,364,083","$278,777","$1,642,860","0.005","$1,364,083","$1,290,819","4","$5,163,274","$5,163,274","2025","2021","24","28",""
"","Aaron Robinson","2024","CB","NYG","2021","$1,361,358","$275,144","$1,636,502","0.005","$1,361,358","$1,285,823","4","$5,143,292","$5,048,014","2025","2021","23","27",""
"","Alim McNeill","2024","DT","DET","2021","$1,359,434","$272,579","$1,632,013","0.005","$1,359,434","$1,282,297","4","$5,129,186","$5,129,185","2025","2021","20","24",""
"","Milton Williams","2024","DT","PHI","2021","$1,356,842","$269,122","$1,625,964","0.006","$1,356,842","$1,277,543","4","$5,110,171","$5,110,172","2025","2021","21","25",""
"","Benjamin St-Juste","2024","CB","WAS","2021","$1,355,557","$267,410","$1,622,967","0.005","$1,355,557","$1,275,188","4","$5,100,752","$5,100,754","2025","2021","23","27",""
"","Osa Odighizuwa","2024","DT","DAL","2021","$1,353,571","$264,762","$1,618,333","0.007","$1,353,571","$1,271,548","4","$5,086,190","$5,086,190","2025","2021","22","26",""
"","Paulson Adebo","2024","CB","NO","2021","$1,347,321","$256,429","$1,603,750","0.006","$1,347,321","$1,260,090","4","$5,040,359","$5,040,358","2025","2021","21","25",""
"","Josh Palmer","2024","WR","LAC","2021","$1,346,381","$255,174","$1,601,555","0.004","$1,346,381","$1,258,365","4","$5,033,458","$5,033,458","2025","2021","21","25",""
"","Chazz Surratt","2024","LB","MIN","2021","$1,343,876","$251,835","$1,595,711","0.005","$1,343,876","$1,253,773","4","$5,015,093","$5,015,093","2025","2021","23","27",""
"","Malcolm Koonce","2024","DE","LV","2021","$1,341,540","$248,720","$1,590,260","0.004","$1,341,540","$1,249,490","4","$4,997,961","$4,997,960","2025","2021","22","26",""
"","Stephon Tuitt","2024","DE","PIT","2014","$0","$0","$1,585,000","0.004","$0","$12,000,288","5","$60,001,439","$64,760,551","2023","2017","23","31",""
"","Divine Deablo","2024","LB","LV","2021","$1,339,204","$245,606","$1,584,810","0.004","$1,339,204","$1,245,208","4","$4,980,832","$4,980,832","2025","2021","22","26",""
"","Hunter Long","2024","TE","MIA","2021","$1,337,551","$243,401","$1,580,952","0.004","$1,337,551","$1,242,177","4","$4,968,706","$4,968,706","2025","2021","22","26",""
"","Tommy Tremble","2024","TE","CAR","2021","$1,331,786","$235,715","$1,567,501","0.005","$1,331,786","$1,231,608","4","$4,926,432","$4,926,432","2025","2021","20","24",""
"","Chauncey Golston","2024","DE","DAL","2021","$1,330,444","$233,925","$1,564,369","0.007","$1,330,444","$1,229,147","4","$4,916,588","$4,916,588","2025","2021","22","26",""
"","Amari Rodgers","2024","WR","GB","2021","$1,328,168","$230,890","$1,559,058","0.005","$1,328,168","$1,224,974","4","$4,899,895","$4,899,896","2025","2021","21","25",""
"","Wyatt Davis","2024","G","MIN","2021","$1,326,040","$228,053","$1,554,093","0.005","$1,326,040","$1,221,073","4","$4,884,291","$4,884,291","2025","2021","21","25",""
"","Trey Sermon","2024","RB","SF","2021","$1,324,491","$225,988","$1,550,479","0.005","$1,324,491","$1,218,234","4","$4,872,934","$4,872,934","2025","2021","21","25",""
"","Nico Collins","2024","WR","HOU","2021","$1,324,298","$225,730","$1,550,028","0.004","$1,324,298","$1,217,879","4","$4,871,516","$4,830,683","2025","2021","21","25",""
"","Patrick Jones","2024","DE","MIN","2021","$1,324,105","$225,473","$1,549,578","0.005","$1,324,105","$1,217,526","4","$4,870,102","$4,870,101","2025","2021","22","26",""
"","Anthony Schwartz","2024","WR","CLE","2021","$1,323,139","$224,186","$1,547,325","0.005","$1,323,139","$1,215,756","4","$4,863,022","$4,863,022","2025","2021","20","24",""
"","Monty Rice","2024","ILB","TEN","2021","$1,321,208","$221,611","$1,542,819","0.005","$1,321,208","$1,212,215","4","$4,848,860","$4,848,860","2025","2021","21","25",""
"","Spencer Brown","2024","LT","BUF","2021","$1,319,277","$219,036","$1,538,313","0.005","$1,319,277","$1,208,674","4","$4,834,697","$4,834,698","2025","2021","22","26",""
"","Ben Cleveland","2024","G","BAL","2021","$1,317,345","$216,461","$1,533,806","0.005","$1,317,345","$1,205,134","4","$4,820,535","$4,752,469","2025","2021","22","26",""
"","Robert Hainsey","2024","C","TB","2021","$1,315,414","$213,886","$1,529,300","0.005","$1,315,414","$1,201,593","4","$4,806,372","$4,806,372","2025","2021","22","26",""
"","Elijah Molden","2024","CB","TEN","2021","$1,312,616","$210,155","$1,522,771","0.005","$1,312,616","$1,196,463","4","$4,785,852","$4,785,852","2025","2021","21","25",""
"","Tre McKitty","2024","TE","LAC","2021","$1,312,616","$210,155","$1,522,771","0.004","$1,312,616","$1,196,463","4","$4,785,852","$4,785,852","2025","2021","21","25",""
"","Nahshon Wright","2024","CB","DAL","2021","$1,312,616","$210,155","$1,522,771","0.006","$1,312,616","$1,196,463","4","$4,785,852","$4,785,852","2025","2021","22","26",""
"","Ernest Jones","2024","LB","LAR","2021","$1,312,616","$210,155","$1,522,771","0.005","$1,312,616","$1,196,463","4","$4,785,852","$4,785,852","2025","2021","21","25",""
"","Baron Browning","2024","ILB","DEN","2021","$1,312,616","$210,155","$1,522,771","0.004","$1,312,616","$1,196,463","4","$4,785,852","$4,785,852","2025","2021","21","25",""
"","Quinn Meinerz","2024","C","DEN","2021","$1,312,616","$210,155","$1,522,771","0.004","$1,312,616","$1,196,463","4","$4,785,852","$4,785,852","2025","2021","22","26",""
"","Brandon Stephens","2024","S","BAL","2021","$1,312,616","$210,155","$1,522,771","0.005","$1,312,616","$1,196,463","4","$4,785,852","$4,785,852","2025","2021","23","27",""
"","Ifeatu Melifonwu","2024","CB","DET","2021","$1,312,616","$210,155","$1,522,771","0.005","$1,312,616","$1,196,463","4","$4,785,852","$4,568,072","2025","2021","21","25",""
"","Ambry Thomas","2024","CB","SF","2021","$1,312,616","$210,155","$1,522,771","0.005","$1,312,616","$1,196,463","4","$4,785,852","$4,785,852","2025","2021","21","25",""
"","Ronnie Perkins","2024","DE","NE","2021","$1,312,616","$210,155","$1,522,771","0.005","$1,312,616","$1,196,463","4","$4,785,852","$4,785,852","2025","2021","21","25",""
"","Jimmie Ward","2024","FS","SF","2014","$0","$0","$1,465,000","0.005","$0","$9,500,000","3","$28,500,000","$48,313,092","2023","2020","28","33",""
"","Mario Edwards","2024","DE","CHI","2015","$0","$724,019","$1,448,042","0.004","$0","$3,886,797","3","$11,660,391","$21,021,874","2024","2021","26","30",""
"","JuJu Smith-Schuster","2024","WR","PIT","2017","$0","$1,400,000","$1,400,000","0.004","$0","$8,000,000","1","$8,000,000","$12,168,426","2022","2021","24","28",""
"","Carlos Dunlap","2024","DE","SEA","2010","$0","$1,400,000","$1,400,000","0.004","$0","$6,800,000","2","$13,600,000","$83,240,148","2023","2021","31","35",""
"","Kendrick Green","2024","C","PIT","2021","$1,324,877","$0","$1,324,877","0.003","$1,324,877","$1,218,942","4","$4,875,767","$4,875,766","2025","2021","22","26",""
"","Lucas Niang","2024","RT","KC","2020","$1,059,900","$211,768","$1,321,668","0.005","$1,109,900","$1,129,931","4","$4,519,722","$4,622,972","2025","2020","21","26",""
"","Jordan Phillips","2024","DE","ARI","2015","$0","$0","$1,301,444","0.004","$0","$10,000,000","3","$30,000,000","$38,941,204","2023","2020","27","32",""
"","Dyami Brown","2024","WR","WAS","2021","$1,055,000","$238,909","$1,293,909","0.004","$1,055,000","$1,236,000","4","$4,944,000","$4,495,363","2025","2021","21","25",""
"","Jay Tufele","2024","DT","JAC","2021","$1,055,000","$206,422","$1,261,422","0.003","$1,055,000","$1,076,422","4","$4,305,688","$4,155,965","2025","2021","21","25",""
"","Michael Carter","2024","RB","NYJ","2021","$1,055,000","$201,842","$1,256,842","0.003","$1,055,000","$1,071,842","4","$4,287,368","$4,287,368","2025","2021","21","25",""
"","Darren Hall","2024","CB","ATL","2021","$1,055,000","$201,187","$1,256,187","0.004","$1,055,000","$1,071,187","4","$4,284,748","$4,284,748","2025","2021","20","24",""
"","James Hudson","2024","LT","CLE","2021","$1,055,000","$198,104","$1,253,104","0.004","$1,055,000","$1,068,104","4","$4,272,416","$4,272,416","2025","2021","21","25",""
"","Cameron Sample","2024","DE","CIN","2021","$1,055,000","$197,036","$1,252,036","0.003","$1,055,000","$1,067,036","4","$4,268,144","$4,268,144","2025","2021","21","25",""
"","Nick Kwiatkoski","2024","ILB","LV","2016","$0","$0","$1,252,000","0.003","$0","$7,000,000","3","$21,000,000","$25,868,478","2023","2020","26","31",""
"","Amon-Ra St. Brown","2024","WR","DET","2021","$1,055,000","$196,313","$1,251,313","0.004","$1,055,000","$1,066,313","4","$4,265,252","$4,265,252","2025","2021","21","25",""
"","Derrick Barnes","2024","ILB","DET","2021","$1,055,000","$195,301","$1,250,301","0.004","$1,055,000","$1,065,301","4","$4,261,204","$4,261,204","2025","2021","21","25",""
"","Rob Gronkowski","2024","TE","TB","2010","$0","$1,250,000","$1,250,000","0.004","$0","$8,000,000","1","$8,000,000","$70,629,507","2022","2021","31","35",""
"","Drew Dalman","2024","C","ATL","2021","$1,055,000","$194,180","$1,249,180","0.004","$1,055,000","$1,064,180","4","$4,256,720","$4,256,720","2025","2021","22","26",""
"","Jabril Cox","2024","OLB","DAL","2021","$1,055,000","$192,813","$1,247,813","0.005","$1,055,000","$1,062,813","4","$4,251,252","$4,115,140","2025","2021","22","26",""
"","Elerson Smith","2024","DE","NYG","2021","$1,055,000","$189,572","$1,244,572","0.004","$1,055,000","$1,059,572","4","$4,238,288","$4,238,288","2025","2021","22","26",""
"","Bobby Brown","2024","DT","LAR","2021","$1,055,000","$189,133","$1,244,133","0.004","$1,055,000","$1,059,133","4","$4,236,532","$4,236,532","2025","2021","20","24",""
"","Chris Rumph II","2024","DE","LAC","2021","$1,055,000","$188,386","$1,243,386","0.003","$1,055,000","$1,058,386","4","$4,233,544","$4,233,544","2025","2021","22","26",""
"","Kene Nwangwu","2024","RB","MIN","2021","$1,055,000","$188,200","$1,243,200","0.004","$1,055,000","$1,058,200","4","$4,232,800","$4,151,133","2025","2021","22","26",""
"","Rhamondre Stevenson","2024","RB","NE","2021","$1,055,000","$187,264","$1,242,264","0.004","$1,055,000","$1,057,264","4","$4,229,056","$4,229,056","2025","2021","22","26",""
"","Jordan Smith","2024","OLB","JAC","2021","$1,055,000","$184,897","$1,239,897","0.003","$1,055,000","$1,054,897","4","$4,219,588","$4,219,588","2025","2021","22","26",""
"","Tyler Shelvin","2024","DT","CIN","2021","$1,055,000","$184,141","$1,239,141","0.003","$1,055,000","$1,054,141","4","$4,216,564","$4,216,564","2025","2021","22","26",""
"","Zech McPhearson","2024","CB","PHI","2021","$1,055,000","$182,413","$1,237,413","0.004","$1,055,000","$1,052,413","4","$4,209,652","$4,209,652","2025","2021","22","26",""
"","John Bates","2024","TE","WAS","2021","$1,055,000","$180,604","$1,235,604","0.004","$1,055,000","$1,050,604","4","$4,202,416","$4,202,416","2025","2021","23","27",""
"","Camryn Bynum","2024","CB","MIN","2021","$1,055,000","$179,453","$1,234,453","0.004","$1,055,000","$1,049,453","4","$4,197,812","$4,197,812","2025","2021","22","26",""
"","Chuba Hubbard","2024","RB","CAR","2021","$1,055,000","$178,294","$1,233,294","0.004","$1,055,000","$1,048,294","4","$4,193,174","$4,193,174","2025","2021","21","25",""
"","Kylen Granson","2024","TE","IND","2021","$1,055,000","$176,592","$1,231,592","0.004","$1,055,000","$1,046,592","4","$4,186,368","$4,186,368","2025","2021","22","26",""
"","Dan Moore","2024","LT","PIT","2021","$1,055,000","$174,476","$1,229,476","0.003","$1,055,000","$1,044,476","4","$4,177,904","$4,177,904","2025","2021","22","26",""
"","Jaelon Darden","2024","WR","TB","2021","$1,055,000","$174,476","$1,229,476","0.004","$1,055,000","$1,044,476","4","$4,177,904","$4,177,904","2025","2021","21","25",""
"","Robert Rochell","2024","CB","LAR","2021","$1,055,000","$172,732","$1,227,732","0.004","$1,055,000","$1,042,732","4","$4,170,928","$4,170,928","2025","2021","22","26",""
"","Tylan Wallace","2024","WR","BAL","2021","$1,055,000","$171,341","$1,226,341","0.004","$1,055,000","$1,041,341","4","$4,165,364","$4,165,364","2025","2021","21","25",""
"","Tommy Togiai","2024","DT","CLE","2021","$1,055,000","$169,286","$1,224,286","0.004","$1,055,000","$1,039,286","4","$4,157,144","$4,157,144","2025","2021","21","25",""
"","Ian Book","2024","QB","NO","2021","$1,055,000","$168,396","$1,223,396","0.005","$1,055,000","$1,038,396","4","$4,153,584","$4,153,584","2025","2021","22","26",""
"","Janarius Robinson","2024","DE","MIN","2021","$1,055,000","$166,351","$1,221,351","0.004","$1,055,000","$1,036,351","4","$4,145,404","$3,780,404","2025","2021","22","26",""
"","Rashad Weaver","2024","DE","TEN","2021","$1,055,000","$164,916","$1,219,916","0.004","$1,055,000","$1,034,916","4","$4,139,664","$3,935,495","2025","2021","23","27",""
"","Isaac Seumalo","2024","G","PHI","2016","$0","$0","$1,218,000","0.004","$0","$5,306,000","3","$15,918,000","$20,840,864","2023","2019","25","31",""
"","Marco Wilson","2024","S","ARI","2021","$1,055,000","$162,595","$1,217,595","0.003","$1,055,000","$1,032,595","4","$4,130,380","$4,130,380","2025","2021","21","25",""
"","Tre Brown","2024","CB","SEA","2021","$1,055,000","$160,166","$1,215,166","0.003","$1,055,000","$1,030,166","4","$4,120,664","$4,052,608","2025","2021","23","27",""
"","Reid Ferguson","2024","LS","BUF","-99","$1,210,000","$0","$1,210,000","0.004","$1,210,000","$1,333,333","3","$4,000,000","$8,819,395","2025","2022","27","30",""
"","D'ante Smith","2024","G","CIN","2021","$1,055,000","$124,836","$1,179,836","0.003","$1,055,000","$994,836","4","$3,979,344","$3,856,838","2025","2021","22","26",""
"","Joshua Kaindoh","2024","DE","KC","2021","$1,055,000","$124,836","$1,179,836","0.004","$1,055,000","$994,836","4","$3,979,344","$3,788,789","2025","2021","22","26",""
"","Tyree Gillespie","2024","S","LV","2021","$1,055,000","$124,836","$1,179,836","0.003","$1,055,000","$994,836","4","$3,979,344","$3,979,344","2025","2021","22","26",""
"","Josh Ball","2024","T","DAL","2021","$1,055,000","$124,836","$1,179,836","0.005","$1,055,000","$994,836","4","$3,979,344","$3,734,344","2025","2021","22","26",""
"","Jacob Harris","2024","TE","LAR","2021","$1,055,000","$124,836","$1,179,836","0.004","$1,055,000","$994,836","4","$3,979,344","$3,856,844","2025","2021","23","27",""
"","Buddy Johnson","2024","LB","PIT","2021","$1,055,000","$124,836","$1,179,836","0.003","$1,055,000","$994,836","4","$3,979,344","$3,979,344","2025","2021","21","25",""
"","Royce Newman","2024","G","GB","2021","$1,055,000","$124,836","$1,179,836","0.004","$1,055,000","$994,836","4","$3,979,344","$3,979,344","2025","2021","23","27",""
"","Jimmy Graham","2024","TE","CHI","2010","$0","$0","$1,165,000","0.003","$0","$8,000,000","2","$16,000,000","$81,553,700","2022","2020","33","38",""
"","Luke Farrell","2024","TE","JAC","2021","$1,055,000","$89,505","$1,144,505","0.003","$1,055,000","$959,505","4","$3,838,020","$3,838,020","2025","2021","22","26",""
"","Jamien Sherwood","2024","S","NYJ","2021","$1,055,000","$88,714","$1,143,714","0.003","$1,055,000","$958,714","4","$3,834,856","$3,685,134","2025","2021","20","24",""
"","Brevin Jordan","2024","TE","HOU","2021","$1,055,000","$88,046","$1,143,046","0.003","$1,055,000","$958,046","4","$3,832,184","$3,832,184","2025","2021","20","24",""
"","Ta'Quon Graham","2024","DT","ATL","2021","$1,055,000","$87,653","$1,142,653","0.004","$1,055,000","$957,653","4","$3,830,612","$3,830,612","2025","2021","22","26",""
"","Evan McPherson","2024","K","CIN","2021","$1,055,000","$85,928","$1,140,928","0.003","$1,055,000","$955,928","4","$3,823,712","$3,823,712","2025","2021","21","25",""
"","Kenneth Gainwell","2024","RB","PHI","2021","$1,055,000","$83,882","$1,138,882","0.004","$1,055,000","$953,882","4","$3,815,528","$3,815,528","2025","2021","21","25",""
"","Larry Borom","2024","RT","CHI","2021","$1,055,000","$83,270","$1,138,270","0.003","$1,055,000","$953,270","4","$3,813,080","$3,813,080","2025","2021","21","25",""
"","Caden Sterns","2024","S","DEN","2021","$1,055,000","$82,647","$1,137,647","0.003","$1,055,000","$952,647","4","$3,810,588","$3,810,588","2025","2021","21","25",""
"","Tony Fields","2024","OLB","CLE","2021","$1,055,000","$82,440","$1,137,440","0.003","$1,055,000","$952,440","4","$3,809,760","$3,809,760","2025","2021","21","25",""
"","Michael Carter","2024","CB","NYJ","2021","$1,055,000","$82,232","$1,137,232","0.003","$1,055,000","$952,232","4","$3,808,927","$3,808,927","2025","2021","21","25",""
"","Jaylon Moore","2024","LT","SF","2021","$1,055,000","$80,758","$1,135,758","0.004","$1,055,000","$950,758","4","$3,803,032","$3,803,032","2025","2021","23","27",""
"","Isaiahh Loudermilk","2024","DT","PIT","2021","$1,055,000","$80,072","$1,135,072","0.003","$1,055,000","$950,072","4","$3,800,288","$3,800,288","2025","2021","23","27",""
"","Ihmir Smith-Marsete","2024","WR","MIN","2021","$1,055,000","$79,740","$1,134,740","0.004","$1,055,000","$949,740","4","$3,798,960","$3,798,960","2025","2021","21","25",""
"","Daviyon Nixon","2024","DT","CAR","2021","$1,055,000","$79,637","$1,134,637","0.003","$1,055,000","$949,637","4","$3,798,548","$3,648,821","2025","2021","22","26",""
"","Tommy Doyle","2024","LT","BUF","2021","$1,055,000","$78,931","$1,133,931","0.004","$1,055,000","$948,931","4","$3,795,724","$3,795,724","2025","2021","22","26",""
"","Noah Gray","2024","TE","KC","2021","$1,055,000","$78,444","$1,133,444","0.004","$1,055,000","$948,444","4","$3,793,776","$3,793,776","2025","2021","21","25",""
"","Darrick Forrest","2024","S","WAS","2021","$1,055,000","$77,768","$1,132,768","0.004","$1,055,000","$947,768","4","$3,791,072","$3,682,184","2025","2021","21","25",""
"","Jamar Johnson","2024","S","DEN","2021","$1,055,000","$77,555","$1,132,555","0.003","$1,055,000","$947,555","4","$3,790,220","$3,790,220","2025","2021","21","25",""
"","Keith Taylor","2024","CB","CAR","2021","$1,055,000","$76,497","$1,131,497","0.003","$1,055,000","$946,497","4","$3,785,988","$3,785,988","2025","2021","22","26",""
"","Nate Hobbs","2024","CB","LV","2021","$1,055,000","$75,763","$1,130,763","0.003","$1,055,000","$945,763","4","$3,783,052","$3,783,052","2025","2021","21","25",""
"","Richard LeCount","2024","S","CLE","2021","$1,055,000","$74,147","$1,129,147","0.003","$1,055,000","$944,147","4","$3,776,588","$3,776,588","2025","2021","22","26",""
"","Garret Wallow","2024","OLB","HOU","2021","$1,055,000","$73,971","$1,128,971","0.003","$1,055,000","$943,971","4","$3,775,884","$3,775,884","2025","2021","21","25",""
"","Daelin Hayes","2024","OLB","BAL","2021","$1,055,000","$73,302","$1,128,302","0.004","$1,055,000","$943,302","4","$3,773,208","$3,609,870","2025","2021","22","26",""
"","Deommodore Lenoir","2024","CB","SF","2021","$1,055,000","$71,218","$1,126,218","0.004","$1,055,000","$941,218","4","$3,764,872","$3,764,872","2025","2021","21","25",""
"","Tedarrell Slaton","2024","DT","GB","2021","$1,055,000","$70,130","$1,125,130","0.004","$1,055,000","$940,130","4","$3,760,520","$3,760,520","2025","2021","23","27",""
"","Jason Pinnock","2024","CB","NYJ","2021","$1,055,000","$67,613","$1,122,613","0.003","$1,055,000","$937,613","4","$3,750,451","$3,627,950","2025","2021","21","25",""
"","K.J. Britt","2024","LB","TB","2021","$1,055,000","$66,574","$1,121,574","0.004","$1,055,000","$936,574","4","$3,746,296","$3,746,296","2025","2021","21","25",""
"","Danielle Hunter","2024","DE","MIN","2015","$0","$0","$1,120,000","0.004","$0","$14,400,000","5","$72,000,000","$80,364,477","2024","2018","23","30",""
"","Adetokunbo Ogundeji","2024","OLB","ATL","2021","$1,055,000","$60,038","$1,115,038","0.003","$1,055,000","$930,038","4","$3,720,152","$3,720,152","2025","2021","22","26",""
"","Avery Williams","2024","CB","ATL","2021","$1,055,000","$60,038","$1,115,038","0.003","$1,055,000","$930,038","4","$3,720,152","$3,720,152","2025","2021","26","30",""
"","Simi Fehoko","2024","WR","DAL","2021","$1,055,000","$60,038","$1,115,038","0.005","$1,055,000","$930,038","4","$3,720,152","$3,720,152","2025","2021","23","27",""
"","Talanoa Hufanga","2024","S","SF","2021","$1,055,000","$60,038","$1,115,038","0.004","$1,055,000","$930,038","4","$3,720,152","$3,720,152","2025","2021","21","25",""
"","Shemar Jean-Charles","2024","CB","GB","2021","$1,055,000","$60,038","$1,115,038","0.004","$1,055,000","$930,038","4","$3,720,152","$3,720,152","2025","2021","22","26",""
"","Cameron McGrone","2024","LB","NE","2021","$1,055,000","$60,038","$1,115,038","0.003","$1,055,000","$930,038","4","$3,720,152","$3,550,152","2025","2021","20","24",""
"","Nick Niemann","2024","LB","LAC","2021","$1,055,000","$53,501","$1,108,501","0.003","$1,055,000","$923,501","4","$3,694,004","$3,694,004","2025","2021","23","27",""
"","Hamsah Nasirildeen","2024","S","NYJ","2021","$1,055,000","$51,962","$1,106,962","0.003","$1,055,000","$921,962","4","$3,687,849","$3,633,404","2025","2021","21","25",""
"","Frank Darby","2024","WR","ATL","2021","$1,055,000","$51,125","$1,106,125","0.003","$1,055,000","$921,125","4","$3,684,500","$3,684,500","2025","2021","23","27",""
"","Joshuah Bledsoe","2024","S","NE","2021","$1,055,000","$50,087","$1,105,087","0.003","$1,055,000","$920,087","4","$3,680,348","$3,548,120","2025","2021","23","27",""
"","Marlon Tuipulotu","2024","DT","PHI","2021","$1,055,000","$48,979","$1,103,979","0.004","$1,055,000","$918,979","4","$3,675,916","$3,675,916","2025","2021","21","25",""
"","Trey Hill","2024","C","CIN","2021","$1,055,000","$48,088","$1,103,088","0.003","$1,055,000","$918,088","4","$3,672,352","$3,672,352","2025","2021","20","24",""
"","Tarron Jackson","2024","DE","PHI","2021","$1,055,000","$47,522","$1,102,522","0.004","$1,055,000","$917,522","4","$3,670,088","$3,670,088","2025","2021","22","26",""
"","Quinton Bohanna","2024","DT","DAL","2021","$1,055,000","$47,118","$1,102,118","0.005","$1,055,000","$917,118","4","$3,668,472","$3,668,472","2025","2021","21","25",""
"","Deonte Brown","2024","G","CAR","2021","$1,055,000","$46,515","$1,101,515","0.003","$1,055,000","$916,515","4","$3,666,060","$3,570,774","2025","2021","22","26",""
"","Elijah Mitchell","2024","RB","SF","2021","$1,055,000","$45,892","$1,100,892","0.004","$1,055,000","$915,892","4","$3,663,568","$3,663,568","2025","2021","22","26",""
"","Roy Lopez","2024","DT","HOU","2021","$1,055,000","$45,709","$1,100,709","0.003","$1,055,000","$915,709","4","$3,662,836","$3,662,836","2025","2021","23","27",""
"","Gary Brightwell","2024","RB","NYG","2021","$1,055,000","$44,718","$1,099,718","0.004","$1,055,000","$914,718","4","$3,658,872","$3,658,872","2025","2021","21","25",""
"","Larry Rountree III","2024","RB","LAC","2021","$1,055,000","$43,940","$1,098,940","0.003","$1,055,000","$913,940","4","$3,655,760","$3,655,760","2025","2021","22","26",""
"","Jaylen Twyman","2024","DT","MIN","2021","$1,055,000","$43,736","$1,098,736","0.004","$1,055,000","$913,736","4","$3,654,944","$3,289,944","2025","2021","21","25",""
"","Brandin Echols","2024","CB","NYJ","2021","$1,055,000","$43,545","$1,098,545","0.003","$1,055,000","$913,546","4","$3,654,185","$3,545,289","2025","2021","23","27",""
"","Rodarius Williams","2024","CB","NYG","2021","$1,055,000","$43,284","$1,098,284","0.004","$1,055,000","$913,284","4","$3,653,136","$3,476,193","2025","2021","24","28",""
"","Chris Evans","2024","RB","CIN","2021","$1,055,000","$43,222","$1,098,222","0.003","$1,055,000","$913,222","4","$3,652,888","$3,652,888","2025","2021","23","27",""
"","Marquez Stevenson","2024","WR","BUF","2021","$1,055,000","$43,136","$1,098,136","0.004","$1,055,000","$913,136","4","$3,652,544","$3,407,544","2025","2021","22","26",""
"","Shi Smith","2024","WR","CAR","2021","$1,055,000","$43,105","$1,098,105","0.003","$1,055,000","$913,105","4","$3,652,420","$3,652,420","2025","2021","22","26",""
"","Racey McMath","2024","WR","TEN","2021","$1,055,000","$42,840","$1,097,840","0.004","$1,055,000","$912,840","4","$3,651,360","$3,460,805","2025","2021","21","25",""
"","Landon Young","2024","RT","NO","2021","$1,055,000","$42,445","$1,097,445","0.004","$1,055,000","$912,445","4","$3,649,780","$3,649,780","2025","2021","23","27",""
"","Jonathan Marshall","2024","DT","NYJ","2021","$1,055,000","$42,227","$1,097,227","0.003","$1,055,000","$912,226","4","$3,648,902","$3,648,902","2025","2021","23","27",""
"","Stone Forsythe","2024","LT","SEA","2021","$1,055,000","$41,656","$1,096,656","0.003","$1,055,000","$911,656","4","$3,646,624","$3,646,624","2025","2021","23","27",""
"","Victor Dimukeje","2024","OLB","ARI","2021","$1,055,000","$40,465","$1,095,465","0.003","$1,055,000","$910,465","4","$3,641,860","$3,641,860","2025","2021","21","25",""
"","Demetric Felton","2024","WR","CLE","2021","$1,055,000","$40,285","$1,095,285","0.003","$1,055,000","$910,285","4","$3,641,140","$3,641,140","2025","2021","22","26",""
"","Damar Hamlin","2024","S","BUF","2021","$1,055,000","$40,119","$1,095,119","0.004","$1,055,000","$910,119","4","$3,640,476","$3,640,476","2025","2021","22","26",""
"","Khalil Herbert","2024","RB","CHI","2021","$1,055,000","$32,677","$1,087,677","0.003","$1,055,000","$902,677","4","$3,610,708","$3,610,708","2025","2021","22","26",""
"","Sam Ehlinger","2024","QB","IND","2021","$1,055,000","$32,677","$1,087,677","0.003","$1,055,000","$902,677","4","$3,610,708","$3,529,036","2025","2021","22","26",""
"","Trey Smith","2024","G","KC","2021","$1,055,000","$32,677","$1,087,677","0.004","$1,055,000","$902,677","4","$3,610,708","$3,610,708","2025","2021","21","25",""
"","Camaron Cheeseman","2024","LS","WAS","2021","$1,055,000","$32,677","$1,087,677","0.003","$1,055,000","$902,677","4","$3,610,708","$3,610,708","2025","2021","22","26",""
"","Israel Mukuamu","2024","CB","DAL","2021","$1,055,000","$32,677","$1,087,677","0.005","$1,055,000","$902,677","4","$3,610,708","$3,610,708","2025","2021","21","25",""
"","Isaiah McDuffie","2024","ILB","GB","2021","$1,055,000","$32,677","$1,087,677","0.003","$1,055,000","$902,677","4","$3,610,708","$3,610,708","2025","2021","21","25",""
"","Thomas Fletcher","2024","LS","CAR","2021","$1,055,000","$32,677","$1,087,677","0.003","$1,055,000","$902,677","4","$3,610,708","$3,245,708","2025","2021","22","26",""
"","Mike Strachan","2024","WR","IND","2021","$1,055,000","$28,708","$1,083,708","0.003","$1,055,000","$898,708","4","$3,594,832","$3,594,832","2025","2021","23","27",""
"","Larnel Coleman","2024","T","MIA","2021","$1,055,000","$28,034","$1,083,034","0.003","$1,055,000","$898,034","4","$3,592,136","$3,347,136","2025","2021","22","26",""
"","Phil Hoskins","2024","DT","CAR","2021","$1,055,000","$27,811","$1,082,811","0.003","$1,055,000","$897,811","4","$3,591,244","$3,591,244","2025","2021","23","27",""
"","Jake Funk","2024","RB","LAR","2021","$1,055,000","$27,057","$1,082,057","0.004","$1,055,000","$897,057","4","$3,588,228","$3,465,722","2025","2021","22","26",""
"","Patrick Johnson","2024","DE","PHI","2021","$1,055,000","$26,469","$1,081,469","0.004","$1,055,000","$896,469","4","$3,585,876","$3,585,876","2025","2021","21","25",""
"","Wyatt Hubert","2024","DE","CIN","2021","$1,055,000","$26,052","$1,081,052","0.003","$1,055,000","$896,052","4","$3,584,208","$3,219,208","2025","2021","22","26",""
"","Matt Farniok","2024","C","DAL","2021","$1,055,000","$25,675","$1,080,675","0.005","$1,055,000","$895,675","4","$3,582,700","$3,582,700","2025","2021","23","27",""
"","Jonathon Cooper","2024","OLB","DEN","2021","$1,055,000","$25,168","$1,080,168","0.003","$1,055,000","$895,168","4","$3,580,672","$3,580,672","2025","2021","22","26",""
"","Mark Webb","2024","S","LAC","2021","$1,055,000","$25,022","$1,080,022","0.003","$1,055,000","$895,022","4","$3,580,087","$3,580,088","2025","2021","22","26",""
"","Tre Norwood","2024","CB","PIT","2021","$1,055,000","$23,610","$1,078,610","0.003","$1,055,000","$893,610","4","$3,574,440","$3,574,440","2025","2021","21","25",""
"","Shaka Toney","2024","DE","WAS","2021","$1,055,000","$23,238","$1,078,238","0.003","$1,055,000","$893,238","4","$3,572,952","$3,572,952","2025","2021","22","26",""
"","Will Fries","2024","G","IND","2021","$1,055,000","$21,346","$1,076,346","0.003","$1,055,000","$891,344","4","$3,565,375","$3,565,375","2025","2021","22","26",""
"","Ben Skowronek","2024","WR","LAR","2021","$1,055,000","$21,131","$1,076,131","0.004","$1,055,000","$891,131","4","$3,564,524","$3,564,524","2025","2021","23","27",""
"","Khyiris Tonga","2024","DT","CHI","2021","$1,055,000","$20,912","$1,075,912","0.003","$1,055,000","$890,912","4","$3,563,648","$3,563,648","2025","2021","24","28",""
"","Chris Garrett","2024","DE","LAR","2021","$1,055,000","$20,530","$1,075,530","0.004","$1,055,000","$890,530","4","$3,562,120","$3,562,120","2025","2021","22","26",""
"","Pressley Harvin III","2024","P","PIT","2021","$1,055,000","$20,184","$1,075,184","0.003","$1,055,000","$890,184","4","$3,560,736","$3,560,736","2025","2021","22","26",""
"","Kylin Hill","2024","RB","GB","2021","$1,055,000","$19,766","$1,074,766","0.003","$1,055,000","$889,766","4","$3,559,064","$3,422,953","2025","2021","22","26",""
"","Jermar Jefferson","2024","RB","DET","2021","$1,055,000","$19,581","$1,074,581","0.004","$1,055,000","$889,581","4","$3,558,324","$3,558,324","2025","2021","20","24",""
"","Dax Milne","2024","WR","WAS","2021","$1,055,000","$19,317","$1,074,317","0.003","$1,055,000","$889,317","4","$3,557,268","$3,557,268","2025","2021","21","25",""
"","Grant Stuard","2024","LB","TB","2021","$1,055,000","$19,061","$1,074,061","0.004","$1,055,000","$889,061","4","$3,556,244","$3,556,244","2025","2021","22","26",""
"","Quincy Roche","2024","DE","NYG","2021","$1,055,000","$0","$1,055,000","0.003","$1,055,000","$906,644","4","$3,626,576","$3,626,576","2025","2021","22","26",""
"","Tay Gowan","2024","CB","PHI","2021","$1,055,000","$0","$1,055,000","0.004","$1,055,000","$902,677","4","$3,610,708","$3,610,707","2025","2021","22","26",""
"","Kary Vincent Jr.","2024","CB","PHI","2021","$1,055,000","$0","$1,055,000","0.004","$1,055,000","$895,852","4","$3,583,408","$3,583,407","2025","2021","21","25",""
"","Brady Breeze","2024","S","DET","2021","$1,055,000","$0","$1,055,000","0.004","$1,055,000","$907,794","4","$3,631,176","$3,557,832","2025","2021","23","27",""
"","Shaun Wade","2024","CB","NE","2021","$1,055,000","$0","$1,055,000","0.003","$1,055,000","$949,391","4","$3,797,564","$3,797,564","2025","2021","22","26",""
"","Haason Reddick","2024","OLB","CAR","2017","$0","$1,002,000","$1,002,000","0.003","$0","$6,000,000","1","$6,000,000","$19,645,334","2022","2021","26","30",""
"","Ali Marpet","2024","G","TB","2015","$0","$0","$1,000,000","0.003","$0","$10,825,000","5","$54,125,000","$58,071,910","2024","2019","25","31",""
"","Cairo Santos","2024","K","CHI","-99","$0","$500,000","$1,000,000","0.003","$0","$3,000,000","3","$9,000,000","$15,571,464","2024","2021","29","33",""
"","Eric Ebron","2024","TE","PIT","2014","$0","$0","$976,000","0.003","$0","$6,000,000","2","$12,000,000","$37,953,036","2022","2020","26","31",""
"","Cameron Brate","2024","TE","TB","-99","$0","$0","$970,000","0.003","$0","$6,800,000","6","$40,800,000","$38,667,433","2024","2018","26","33",""
"","Jadeveon Clowney","2024","DE","CLE","2014","$0","$900,000","$900,000","0.003","$0","$8,000,000","1","$8,000,000","$70,773,336","2022","2021","27","31",""
"","Billy Turner","2024","RT","GB","2014","$0","$0","$890,000","0.003","$0","$7,000,000","4","$28,000,000","$33,193,650","2023","2019","27","33",""
"","Rob Havenstein","2024","RT","LAR","2015","$0","$0","$768,000","0.003","$0","$8,125,000","4","$32,500,000","$36,762,345","2023","2018","25","32",""
"","Kevin King","2024","CB","GB","2017","$0","$750,000","$750,000","0.002","$0","$5,000,000","1","$5,000,000","$8,874,797","2022","2021","25","29",""
"","Benson Mayowa","2024","DE","SEA","-99","$0","$750,000","$750,000","0.002","$0","$3,810,000","2","$7,620,000","$20,642,749","2023","2021","29","33",""
"","Cameron Sutton","2024","CB","PIT","2017","$0","$700,000","$700,000","0.002","$0","$4,500,000","2","$9,000,000","$12,215,216","2023","2021","25","29",""
"","Malik Jackson","2024","DT","CLE","2012","$0","$631,250","$631,250","0.002","$0","$3,750,000","1","$3,750,000","$72,186,751","2022","2021","30","34",""
"","Dean Lowry","2024","DE","GB","2016","$0","$0","$622,000","0.002","$0","$6,775,000","3","$20,325,000","$24,588,538","2023","2019","24","30",""
"","Anthony Harris","2024","FS","PHI","-99","$0","$602,000","$602,000","0.002","$0","$4,000,000","1","$4,000,000","$20,829,936","2022","2021","29","33",""
"","Marcedes Lewis","2024","TE","GB","2006","$0","$525,000","$525,000","0.002","$0","$2,960,000","2","$5,920,000","$58,812,443","2023","2021","36","40",""
"","Robert Tonyan Jr.","2024","TE","GB","-99","$0","$469,800","$469,800","0.002","$0","$3,384,000","1","$3,384,000","$5,610,022","2022","2021","26","30",""
"","Jeremiah Attaochu","2024","OLB","CHI","2014","$0","$400,000","$400,000","0.001","$0","$2,775,000","2","$5,550,000","$16,525,907","2023","2021","27","31",""
"","Mason Crosby","2024","K","GB","2007","$0","$0","$335,000","0.001","$0","$4,300,000","3","$12,900,000","$44,498,884","2023","2020","35","40",""
"","Steven Nelson","2024","CB","PHI","2015","$0","$302,000","$302,000","0.001","$0","$3,010,000","1","$3,010,000","$23,839,952","2022","2021","27","31",""
"","Ryan Kerrigan","2024","DE","PHI","2011","$0","$285,000","$285,000","0.001","$0","$2,500,000","1","$2,500,000","$75,652,470","2022","2021","32","36",""
"","Marcus Davenport","2024","DE","NO","2018","$0","$0","$270,846","0.001","$0","$3,435,474","4","$13,741,895","$23,294,895","2023","2018","21","28",""
"","Jalen Richard","2024","RB","LV","-99","$0","$0","$265,000","0.001","$0","$3,500,000","2","$7,000,000","$11,887,196","2022","2020","26","31",""
"","Tashaun Gipson","2024","FS","CHI","-99","$0","$250,000","$250,000","0.001","$0","$2,550,000","1","$2,550,000","$38,746,889","2022","2021","30","34",""
"","Chandon Sullivan","2024","CB","GB","-99","$0","$0","$242,600","0.001","$0","$2,133,000","1","$2,133,000","$4,319,206","2022","2021","24","28",""
"","Tre'quan Smith","2024","WR","NO","2018","$0","$0","$238,567","0.001","$0","$855,131","4","$3,420,524","$4,846,359","2022","2018","21","28",""
"","T.J. Edwards","2024","LB","PHI","-99","$0","$237,000","$237,000","0.001","$0","$2,200,000","1","$2,200,000","$4,188,382","2023","2021","24","28",""
"","De'Vondre Campbell","2024","ILB","GB","2016","$0","$202,000","$202,000","0.001","$0","$2,000,000","1","$2,000,000","$12,849,787","2022","2021","27","31",""
"","Bradley Roby","2024","CB","NO","2014","$0","$0","$169,475","0.001","$0","$10,500,000","3","$31,500,000","$54,970,752","2023","2020","27","32",""
"","Jesse James","2024","TE","CHI","2015","$0","$162,500","$162,500","0.001","$0","$1,650,000","1","$1,650,000","$17,707,976","2022","2021","26","30",""
"","Damien Williams","2024","RB","CHI","-99","$0","$125,000","$125,000","0.000","$0","$1,500,000","1","$1,500,000","$8,972,000","2022","2021","28","32",""
"","Tanoh Kpassagnon","2024","DE","NO","2017","$0","$100,000","$100,000","0.000","$0","$2,250,000","2","$4,500,000","$9,290,468","2023","2021","26","30",""
"","Odell Beckham, Jr.","2024","WR","LAR","2014","$0","$100,000","$100,000","0.000","$0","$1,250,000","1","$1,250,000","$82,896,476","2022","2021","28","32",""